fitness,lr0,lrf,momentum,weight_decay,warmup_epochs,warmup_momentum,box,cls,dfl,hsv_h,hsv_s,hsv_v,degrees,translate,scale,shear,perspective,flipud,fliplr,mosaic,mixup,copy_paste
0.64851,0.01,0.01,0.937,0.0005,3.0,0.8,7.5,0.5,1.5,0.015,0.7,0.4,0.0,0.1,0.5,0.0,0.0,0.0,0.5,1.0,0.0,0.0
0.65209,0.0106,0.00989,0.92368,0.0005,3.07499,0.8189,7.58786,0.53745,1.43005,0.01423,0.64133,0.41863,0.0,0.10724,0.5,0.0,0.0,0.0,0.46717,1.0,0.0,0.0
0.58901,0.01039,0.01027,0.92368,0.00048,3.163,0.83326,7.58786,0.57444,1.5211,0.01504,0.65453,0.41989,0.0,0.10724,0.52289,0.0,0.0,0.0,0.46717,0.96466,0.0,0.0
0.62198,0.01055,0.0073,0.93589,0.00044,2.95527,0.84097,6.80301,0.53148,1.05861,0.01737,0.6303,0.47686,0.0,0.08602,0.47879,0.0,0.0,0.0,0.49612,0.84818,0.0,0.0
0.64447,0.00993,0.00993,0.937,0.00051,2.99589,0.79489,7.44462,0.5,1.49389,0.01532,0.69539,0.4014,0.0,0.1,0.49635,0.0,0.0,0.0,0.50203,1.0,0.0,0.0
0.59459,0.01088,0.00901,0.95643,0.00045,2.59397,0.95,6.62648,0.54645,1.43005,0.01497,0.71884,0.41863,0.0,0.10108,0.47191,0.0,0.0,0.0,0.46717,1.0,0.0,0.0
0.62851,0.00949,0.00954,0.94411,0.0005,3.07499,0.81051,6.604,0.62527,1.39001,0.01392,0.67211,0.37928,0.0,0.07394,0.58129,0.0,0.0,0.0,0.46717,0.9148,0.0,0.0
0.65461,0.0106,0.00797,0.92368,0.0005,3.05522,0.82313,7.58786,0.49823,1.31448,0.01423,0.69058,0.36869,0.0,0.1242,0.5,0.0,0.0,0.0,0.33612,1.0,0.0,0.0
0.61211,0.01008,0.01,0.97337,0.00048,3.0783,0.81346,8.01509,0.46969,1.5,0.01513,0.7,0.4,0.0,0.10266,0.47444,0.0,0.0,0.0,0.50926,0.93869,0.0,0.0
0.66996,0.01142,0.00993,0.937,0.00042,3.31295,0.79489,6.22105,0.44968,1.31356,0.01806,0.59289,0.4014,0.0,0.10923,0.51427,0.0,0.0,0.0,0.50203,0.82861,0.0,0.0
0.64378,0.01106,0.00955,0.93354,0.00044,3.31295,0.80068,6.29927,0.45812,1.33521,0.01844,0.58654,0.39624,0.0,0.10579,0.53,0.0,0.0,0.0,0.49804,0.81468,0.0,0.0
0.62144,0.01056,0.00785,0.92862,0.00053,2.96312,0.83478,7.58786,0.52782,1.31746,0.01413,0.71984,0.38416,0.0,0.1242,0.5,0.0,0.0,0.0,0.36555,1.0,0.0,0.0
0.60486,0.00949,0.01049,0.96424,0.00053,2.21523,0.76095,7.61197,0.49929,1.26365,0.015,0.73798,0.33333,0.0,0.1,0.47943,0.0,0.0,0.0,0.43979,0.8238,0.0,0.0
0.63126,0.01537,0.00792,0.946,0.00052,3.05522,0.48631,7.58786,0.47122,1.57106,0.01652,0.85672,0.52731,0.0,0.11242,0.5,0.0,0.0,0.0,0.28226,0.97803,0.0,0.0
0.56212,0.01452,0.0101,0.937,0.0005,2.49554,0.79489,7.35833,0.40948,0.85736,0.01679,0.45749,0.45075,0.0,0.10103,0.48328,0.0,0.0,0.0,0.58889,1.0,0.0,0.0
0.60305,0.01024,0.00837,0.92323,0.00047,3.05522,0.86549,7.58786,0.51842,1.31448,0.0131,0.72149,0.36869,0.0,0.1262,0.50433,0.0,0.0,0.0,0.34044,0.95075,0.0,0.0
0.63681,0.01299,0.00966,0.95137,0.0004,3.14957,0.95,8.0737,0.47593,1.11238,0.01797,0.65664,0.27964,0.0,0.07002,0.45557,0.0,0.0,0.0,0.41356,0.82861,0.0,0.0
0.63857,0.0136,0.0087,0.9085,0.00046,3.28961,0.81298,6.22105,0.40121,1.28662,0.02021,0.5494,0.4014,0.0,0.10923,0.38312,0.0,0.0,0.0,0.45772,1.0,0.0,0.0
0.62985,0.0098,0.01146,0.8917,0.00046,3.90309,0.87167,6.22105,0.36521,1.31356,0.01806,0.59289,0.4014,0.0,0.10923,0.51427,0.0,0.0,0.0,0.51059,0.72858,0.0,0.0
0.63995,0.01137,0.00993,0.937,0.00042,3.30481,0.80156,6.18539,0.44823,1.30809,0.0181,0.59449,0.40401,0.0,0.10842,0.51427,0.0,0.0,0.0,0.50312,0.82861,0.0,0.0
0.63187,0.01146,0.01053,0.937,0.00042,2.80317,0.82016,6.82417,0.42342,1.30615,0.02008,0.59958,0.4014,0.0,0.10923,0.51427,0.0,0.0,0.0,0.52453,0.84484,0.0,0.0
0.63717,0.01142,0.00897,0.937,0.00036,2.00847,0.66433,6.4895,0.50734,1.73698,0.01697,0.71263,0.39517,0.0,0.14216,0.50193,0.0,0.0,0.0,0.50079,0.86548,0.0,0.0
0.62663,0.01075,0.00993,0.90254,0.00042,3.28814,0.70489,6.79675,0.44968,1.15253,0.01428,0.58306,0.33271,0.0,0.10903,0.59251,0.0,0.0,0.0,0.31521,0.84148,0.0,0.0
0.65823,0.01085,0.00755,0.86661,0.00055,3.54859,0.82313,7.58786,0.55076,1.40667,0.0161,0.73346,0.38489,0.0,0.1418,0.45083,0.0,0.0,0.0,0.32181,1.0,0.0,0.0
0.63546,0.01142,0.01346,0.97345,0.00028,2.9219,0.81251,4.66583,0.44968,0.72818,0.02095,0.64826,0.3038,0.0,0.10923,0.57758,0.0,0.0,0.0,0.50203,0.82861,0.0,0.0
0.59597,0.01089,0.00813,0.91023,0.00051,3.08503,0.82313,7.35151,0.50214,1.29024,0.01443,0.70094,0.36703,0.0,0.12167,0.51475,0.0,0.0,0.0,0.33794,1.0,0.0,0.0
0.61226,0.01171,0.01035,0.90445,0.00049,3.64509,0.71382,7.03807,0.5314,1.29538,0.01448,0.39651,0.35313,0.0,0.10137,0.66638,0.0,0.0,0.0,0.52103,0.87388,0.0,0.0
0.63157,0.01084,0.0076,0.86833,0.00055,3.56751,0.82872,7.58786,0.55192,1.40873,0.0162,0.73224,0.38791,0.0,0.14203,0.44712,0.0,0.0,0.0,0.32297,1.0,0.0,0.0
0.65437,0.01042,0.00946,0.91084,0.00042,3.89188,0.82346,6.02199,0.44968,1.24237,0.02367,0.53015,0.31315,0.0,0.10752,0.5424,0.0,0.0,0.0,0.57716,0.71217,0.0,0.0
0.62925,0.0114,0.00993,0.93893,0.00041,3.21998,0.82242,6.11716,0.45715,1.3069,0.01777,0.59289,0.40956,0.0,0.10864,0.51646,0.0,0.0,0.0,0.51445,0.83216,0.0,0.0
0.48196,0.01347,0.00904,0.92725,0.00034,3.71164,0.74247,7.49026,0.3095,1.67967,0.01563,0.59289,0.4014,0.0,0.09797,0.51427,0.0,0.0,0.0,0.51274,0.81044,0.0,0.0
0.63137,0.01147,0.00822,0.81937,0.00052,3.43834,0.87246,6.94534,0.52818,1.41791,0.01885,0.73868,0.30204,0.0,0.15783,0.42472,0.0,0.0,0.0,0.38271,0.92203,0.0,0.0
0.62189,0.01112,0.01088,0.91589,0.00045,3.70439,0.81348,5.19731,0.45006,1.31356,0.01806,0.60433,0.43212,0.0,0.10923,0.52972,0.0,0.0,0.0,0.50203,0.79289,0.0,0.0
0.60496,0.01254,0.00743,0.89979,0.00036,2.81364,0.81193,6.0604,0.49869,1.23808,0.01599,0.59338,0.37812,0.0,0.11622,0.49691,0.0,0.0,0.0,0.47007,0.98552,0.0,0.0
0.63882,0.01142,0.00961,0.94374,0.00043,3.29929,0.79489,6.23588,0.44633,1.36837,0.01857,0.58401,0.4014,0.0,0.11446,0.51427,0.0,0.0,0.0,0.50203,0.83942,0.0,0.0
0.61155,0.01061,0.00834,0.94038,0.0005,3.4124,0.80395,7.86292,0.4725,1.31448,0.01549,0.71786,0.39189,0.0,0.1242,0.53527,0.0,0.0,0.0,0.33612,1.0,0.0,0.0
0.65111,0.01073,0.00833,0.87048,0.00055,3.35501,0.88495,7.3589,0.53506,1.37405,0.01682,0.69552,0.43572,0.0,0.14701,0.45083,0.0,0.0,0.0,0.31108,1.0,0.0,0.0
0.65084,0.01347,0.01102,0.93374,0.00036,3.18367,0.84986,6.69022,0.47452,1.10451,0.01541,0.57598,0.42095,0.0,0.12371,0.51339,0.0,0.0,0.0,0.54151,0.64248,0.0,0.0
0.5966,0.01164,0.00915,0.9505,0.00042,3.47376,0.79489,6.18584,0.43193,1.27887,0.01773,0.59476,0.3914,0.0,0.10311,0.5022,0.0,0.0,0.0,0.47212,0.86332,0.0,0.0
0.63162,0.0115,0.00994,0.93165,0.00042,3.31295,0.79419,6.23614,0.43392,1.35361,0.01791,0.59696,0.4014,0.0,0.1093,0.51427,0.0,0.0,0.0,0.50153,0.79452,0.0,0.0
0.63598,0.01085,0.00794,0.90101,0.00047,2.99105,0.79489,7.34658,0.44683,1.16453,0.01969,0.63082,0.37002,0.0,0.10923,0.50038,0.0,0.0,0.0,0.48824,0.85622,0.0,0.0
0.66083,0.01078,0.00755,0.87299,0.00055,3.57959,0.82313,7.46842,0.55076,1.41593,0.01668,0.73346,0.38087,0.0,0.14118,0.45276,0.0,0.0,0.0,0.32181,0.98804,0.0,0.0
0.64196,0.0103,0.00821,0.88256,0.00055,3.29823,0.80658,7.04829,0.56319,1.41593,0.01558,0.77373,0.41466,0.0,0.12668,0.52427,0.0,0.0,0.0,0.30126,0.98804,0.0,0.0
0.62957,0.01073,0.00811,0.85564,0.00058,2.92126,0.88088,8.04113,0.56254,1.40667,0.0165,0.73346,0.41181,0.0,0.1418,0.45421,0.0,0.0,0.0,0.30778,1.0,0.0,0.0
0.59545,0.01078,0.01133,0.90532,0.00058,3.57959,0.82313,5.80846,0.55076,1.56808,0.01668,0.8641,0.38087,0.0,0.15126,0.42279,0.0,0.0,0.0,0.32035,0.97705,0.0,0.0
0.61525,0.01089,0.00755,0.90397,0.00057,3.63085,0.87861,7.01238,0.59967,1.69552,0.01621,0.89796,0.38489,0.0,0.14872,0.45083,0.0,0.0,0.0,0.37872,0.90999,0.0,0.0
0.62927,0.01142,0.01004,0.93499,0.00042,3.34655,0.78329,6.25491,0.44815,1.33545,0.01771,0.59727,0.39838,0.0,0.10931,0.51181,0.0,0.0,0.0,0.49628,0.82574,0.0,0.0
0.61072,0.01172,0.00966,0.94061,0.00042,3.31295,0.79222,6.20619,0.44968,1.28685,0.01796,0.59682,0.3982,0.0,0.11188,0.51427,0.0,0.0,0.0,0.49015,0.81595,0.0,0.0
0.60448,0.01293,0.00858,0.85534,0.00055,3.58521,0.82313,8.82971,0.44565,1.52901,0.01823,0.73346,0.33217,0.0,0.1418,0.4735,0.0,0.0,0.0,0.29002,1.0,0.0,0.0
0.60471,0.01029,0.00714,0.88615,0.00058,3.57959,0.87939,7.34121,0.48117,1.55751,0.01621,0.6799,0.36512,0.0,0.1387,0.49611,0.0,0.0,0.0,0.30771,1.0,0.0,0.0
0.59523,0.00952,0.01049,0.93991,0.00044,2.46911,0.79489,5.74367,0.46216,1.3859,0.01764,0.53641,0.4014,0.0,0.12179,0.51427,0.0,0.0,0.0,0.52953,0.82861,0.0,0.0
0.62383,0.00936,0.00782,0.88384,0.00055,3.41458,0.77842,7.79302,0.55536,1.41593,0.01561,0.8228,0.31798,0.0,0.15338,0.45276,0.0,0.0,0.0,0.36565,1.0,0.0,0.0
0.60453,0.01149,0.00774,0.88857,0.00062,3.6793,0.89713,7.89212,0.52496,1.27572,0.01652,0.77371,0.36585,0.0,0.13871,0.45276,0.0,0.0,0.0,0.32064,0.92518,0.0,0.0
0.63399,0.00836,0.01187,0.97885,0.00042,3.31295,0.75382,6.11917,0.34698,1.87861,0.01806,0.6055,0.35475,0.0,0.11926,0.52131,0.0,0.0,0.0,0.36236,0.78132,0.0,0.0
0.58712,0.00894,0.00645,0.87299,0.00063,4.4429,0.90301,9.13286,0.55076,1.41593,0.01668,0.73346,0.37613,0.0,0.16702,0.45276,0.0,0.0,0.0,0.24237,1.0,0.0,0.0
0.59859,0.01088,0.00944,0.92884,0.00034,3.31295,0.79489,6.70025,0.41849,1.30938,0.01806,0.50813,0.4124,0.0,0.10923,0.53371,0.0,0.0,0.0,0.46736,0.79552,0.0,0.0
0.60772,0.01217,0.0076,0.84426,0.00059,3.96447,0.76858,7.05909,0.52015,1.23005,0.01627,0.71612,0.35348,0.0,0.11595,0.45083,0.0,0.0,0.0,0.3219,1.0,0.0,0.0
0.63256,0.01556,0.00446,0.87189,0.00053,3.21875,0.81621,8.12741,0.54484,1.57687,0.01783,0.80661,0.26838,0.0,0.18384,0.45306,0.0,0.0,0.0,0.32181,0.97349,0.0,0.0
0.60093,0.0091,0.0106,0.91134,0.00051,3.45407,0.7149,6.39234,0.43849,1.31356,0.01703,0.60708,0.37006,0.0,0.08981,0.51427,0.0,0.0,0.0,0.35903,1.0,0.0,0.0
0.62143,0.01078,0.00803,0.85642,0.00061,3.54979,0.67101,8.23485,0.57886,1.42333,0.01434,0.70624,0.34121,0.0,0.14118,0.43921,0.0,0.0,0.0,0.2008,0.94124,0.0,0.0
0.61984,0.0117,0.00755,0.85961,0.00055,3.54859,0.82313,7.61612,0.54981,1.37248,0.01692,0.73346,0.38637,0.0,0.14594,0.44924,0.0,0.0,0.0,0.31592,1.0,0.0,0.0
0.6395,0.01085,0.00824,0.84558,0.0006,3.90824,0.68696,7.55691,0.58102,1.63557,0.01597,0.73458,0.37317,0.0,0.12333,0.40633,0.0,0.0,0.0,0.33728,0.83834,0.0,0.0
0.62351,0.00981,0.0083,0.85399,0.00044,3.31295,0.82706,4.95133,0.39819,1.19426,0.01311,0.59689,0.33975,0.0,0.10948,0.51427,0.0,0.0,0.0,0.57485,0.68084,0.0,0.0
0.62744,0.0113,0.00467,0.84083,0.00054,3.52617,0.74288,8.22321,0.65784,1.40667,0.01597,0.73346,0.3559,0.0,0.13202,0.22621,0.0,0.0,0.0,0.27069,1.0,0.0,0.0
0.63432,0.01068,0.01019,0.937,0.00042,2.95627,0.89902,7.00279,0.46712,1.15782,0.01899,0.59289,0.39078,0.0,0.11475,0.49691,0.0,0.0,0.0,0.45775,0.74588,0.0,0.0
0.63256,0.01289,0.01007,0.937,0.00045,3.5481,0.66937,5.67649,0.43097,1.76218,0.02156,0.56319,0.3126,0.0,0.10923,0.55768,0.0,0.0,0.0,0.50203,0.91578,0.0,0.0
0.64972,0.01105,0.00909,0.937,0.00038,3.51548,0.90596,6.68422,0.41579,1.34724,0.01806,0.62744,0.39852,0.0,0.10134,0.54687,0.0,0.0,0.0,0.55371,0.67372,0.0,0.0
0.6266,0.0114,0.00989,0.94322,0.00042,3.28522,0.79489,6.21303,0.4495,1.30864,0.01812,0.59212,0.40689,0.0,0.10909,0.51149,0.0,0.0,0.0,0.50109,0.82861,0.0,0.0
0.62461,0.01167,0.00975,0.94322,0.00042,3.31295,0.78538,6.22105,0.44278,1.32325,0.01849,0.58178,0.4014,0.0,0.10925,0.5033,0.0,0.0,0.0,0.50203,0.82861,0.0,0.0
0.62388,0.01016,0.00877,0.98,0.0005,3.59581,0.79489,6.59963,0.48056,1.31356,0.01406,0.66059,0.45765,0.0,0.09346,0.51427,0.0,0.0,0.0,0.50203,0.82861,0.0,0.0
0.65248,0.01177,0.00988,0.94419,0.00035,2.64315,0.79489,6.79135,0.42464,1.29397,0.01806,0.49282,0.47969,0.0,0.10054,0.58424,0.0,0.0,0.0,0.46879,0.85396,0.0,0.0
0.57075,0.01068,0.00902,0.88905,0.00055,3.87236,0.80926,7.95589,0.40487,1.26405,0.01982,0.73346,0.38087,0.0,0.13545,0.56272,0.0,0.0,0.0,0.32181,0.88758,0.0,0.0
0.63466,0.01059,0.00567,0.84233,0.00056,4.67542,0.72934,8.634,0.55076,1.42239,0.0161,0.78118,0.30223,0.0,0.1719,0.5388,0.0,0.0,0.0,0.32181,0.98869,0.0,0.0
0.62994,0.01085,0.00676,0.86507,0.00055,3.25192,0.83006,7.47981,0.54272,1.44199,0.01625,0.7405,0.40813,0.0,0.15196,0.4273,0.0,0.0,0.0,0.31444,1.0,0.0,0.0
0.57323,0.01142,0.00967,0.94584,0.00042,3.31295,0.69937,6.66802,0.46319,1.34474,0.0181,0.62402,0.39828,0.0,0.10923,0.49893,0.0,0.0,0.0,0.48162,0.82378,0.0,0.0
0.56491,0.0106,0.00657,0.87299,0.00054,3.3986,0.7624,7.46842,0.53,1.41593,0.01593,0.73346,0.40426,0.0,0.14913,0.46387,0.0,0.0,0.0,0.31653,0.98112,0.0,0.0
0.6592,0.01302,0.00687,0.86043,0.00055,3.13841,0.82313,5.80868,0.54636,1.31809,0.01883,0.70857,0.3767,0.0,0.14118,0.46308,0.0,0.0,0.0,0.39672,1.0,0.0,0.0
0.63141,0.0124,0.00686,0.85244,0.00056,3.04219,0.85212,5.80868,0.54012,1.33748,0.01843,0.72242,0.38434,0.0,0.14114,0.46964,0.0,0.0,0.0,0.38947,1.0,0.0,0.0
0.62022,0.01142,0.00771,0.93234,0.00039,3.31295,0.80576,5.47109,0.47696,1.27853,0.01875,0.67673,0.35842,0.0,0.11123,0.50839,0.0,0.0,0.0,0.50001,0.79598,0.0,0.0
0.61514,0.01209,0.00978,0.94227,0.00049,3.32635,0.82026,6.19966,0.45461,1.34247,0.01835,0.59289,0.39917,0.0,0.10923,0.55562,0.0,0.0,0.0,0.49195,0.8942,0.0,0.0
0.60676,0.00985,0.00993,0.9076,0.00045,3.58512,0.68991,6.31851,0.4526,1.16054,0.02153,0.60694,0.43394,0.0,0.11344,0.50075,0.0,0.0,0.0,0.51775,0.82861,0.0,0.0
0.62828,0.01142,0.00967,0.95019,0.0004,3.26654,0.84083,6.18752,0.44929,1.31356,0.01861,0.62544,0.40044,0.0,0.11695,0.51427,0.0,0.0,0.0,0.46006,0.81886,0.0,0.0
0.62681,0.01348,0.00663,0.87228,0.00055,3.0253,0.77383,6.23498,0.55541,1.27718,0.01883,0.72314,0.3915,0.0,0.14905,0.43131,0.0,0.0,0.0,0.44802,1.0,0.0,0.0
0.63548,0.01232,0.00968,0.937,0.00042,3.23594,0.59077,6.00865,0.47968,1.37898,0.02079,0.64325,0.41973,0.0,0.11872,0.37964,0.0,0.0,0.0,0.46924,0.853,0.0,0.0
0.61432,0.01289,0.00684,0.86403,0.00055,3.10038,0.80056,5.48552,0.56141,1.30793,0.0188,0.69536,0.38623,0.0,0.14195,0.46594,0.0,0.0,0.0,0.3975,0.99477,0.0,0.0
0.61178,0.01075,0.00755,0.82825,0.00063,2.67715,0.72336,8.36713,0.55076,1.41593,0.01668,0.9,0.41832,0.0,0.14118,0.48319,0.0,0.0,0.0,0.34068,1.0,0.0,0.0
0.63666,0.01047,0.0084,0.92812,0.00042,3.2332,0.79489,5.31581,0.42417,1.27425,0.01947,0.66758,0.41937,0.0,0.09919,0.50861,0.0,0.0,0.0,0.50767,0.80204,0.0,0.0
0.65283,0.00976,0.00629,0.85607,0.00059,2.97758,0.82313,4.58532,0.61869,1.28166,0.01937,0.81635,0.55814,0.0,0.16167,0.46308,0.0,0.0,0.0,0.41672,1.0,0.0,0.0
0.62455,0.00986,0.00748,0.86024,0.0005,3.49786,0.82094,7.92922,0.52034,1.35353,0.01889,0.73346,0.4076,0.0,0.14118,0.44426,0.0,0.0,0.0,0.31277,0.98804,0.0,0.0
0.61777,0.01302,0.00687,0.85704,0.00059,3.40636,0.85712,5.9967,0.54636,1.2957,0.01859,0.75688,0.37333,0.0,0.14453,0.45921,0.0,0.0,0.0,0.41983,1.0,0.0,0.0
0.65977,0.01172,0.00993,0.92091,0.00041,3.23946,0.74861,6.22105,0.44968,1.31356,0.01944,0.613,0.41122,0.0,0.10985,0.51909,0.0,0.0,0.0,0.51617,0.87692,0.0,0.0
0.61075,0.01303,0.00993,0.93513,0.00042,3.43154,0.79489,6.22105,0.45928,1.31356,0.01624,0.5876,0.4014,0.0,0.10923,0.46049,0.0,0.0,0.0,0.40705,0.62719,0.0,0.0
0.61718,0.01279,0.01056,0.94363,0.00042,3.31295,0.82327,6.10973,0.4662,1.22996,0.01831,0.59472,0.37476,0.0,0.11479,0.5332,0.0,0.0,0.0,0.52256,0.84836,0.0,0.0
0.6423,0.00937,0.01073,0.937,0.00042,3.31295,0.90262,8.53103,0.44353,1.19582,0.01541,0.41952,0.3669,0.0,0.11558,0.53619,0.0,0.0,0.0,0.53196,0.91223,0.0,0.0
0.59079,0.01343,0.01249,0.92795,0.00042,3.31295,0.79489,6.01334,0.44968,1.21918,0.01704,0.5121,0.4014,0.0,0.10923,0.51427,0.0,0.0,0.0,0.3752,0.75163,0.0,0.0
0.64334,0.01142,0.00993,0.93559,0.00042,3.36544,0.81329,6.27447,0.45113,1.32073,0.01779,0.59289,0.39698,0.0,0.1102,0.51214,0.0,0.0,0.0,0.49902,0.82984,0.0,0.0
0.63413,0.01094,0.00945,0.92446,0.00041,2.60587,0.8327,6.22105,0.47009,1.22597,0.01723,0.54861,0.4014,0.0,0.10805,0.51427,0.0,0.0,0.0,0.5767,0.92968,0.0,0.0
0.62019,0.01571,0.00993,0.94525,0.00048,3.77537,0.89079,5.73941,0.36206,1.82832,0.01944,0.613,0.35879,0.0,0.07653,0.43926,0.0,0.0,0.0,0.48616,0.94153,0.0,0.0
0.60377,0.01228,0.00852,0.937,0.00042,3.05781,0.73919,6.66648,0.44968,1.49239,0.01545,0.52528,0.4014,0.0,0.11814,0.56013,0.0,0.0,0.0,0.48172,0.82861,0.0,0.0
0.57448,0.01142,0.00993,0.92587,0.00042,3.31295,0.8531,5.52949,0.47519,1.27337,0.01655,0.59289,0.4014,0.0,0.10923,0.48409,0.0,0.0,0.0,0.52382,0.86538,0.0,0.0
0.63683,0.01189,0.00953,0.937,0.0004,3.21684,0.75421,6.55666,0.42609,1.26015,0.01538,0.59289,0.403,0.0,0.11992,0.52885,0.0,0.0,0.0,0.44348,0.74806,0.0,0.0
0.63403,0.01142,0.00843,0.89456,0.00045,3.31295,0.8514,5.44409,0.43927,1.38936,0.02269,0.59289,0.4014,0.0,0.13675,0.56811,0.0,0.0,0.0,0.45259,0.7948,0.0,0.0
0.61377,0.01172,0.00944,0.90032,0.00046,3.23925,0.89817,6.61422,0.44968,1.24198,0.02104,0.5908,0.46456,0.0,0.14126,0.58259,0.0,0.0,0.0,0.44421,0.84588,0.0,0.0
0.61986,0.01217,0.00927,0.94048,0.00042,3.31295,0.82293,6.19255,0.44527,1.25434,0.01887,0.57985,0.39983,0.0,0.11651,0.51427,0.0,0.0,0.0,0.50203,0.74688,0.0,0.0
0.61332,0.01124,0.0098,0.937,0.00041,3.31295,0.82898,6.45646,0.46015,1.31449,0.01739,0.59854,0.41745,0.0,0.11634,0.48111,0.0,0.0,0.0,0.53895,0.80646,0.0,0.0
0.62953,0.01151,0.00927,0.97748,0.00039,3.31295,0.72048,6.4788,0.50838,1.31356,0.01796,0.59289,0.4239,0.0,0.1027,0.5131,0.0,0.0,0.0,0.48664,0.82861,0.0,0.0
0.63906,0.01298,0.0094,0.98,0.00035,2.27844,0.94987,6.22105,0.43906,1.31356,0.0175,0.63599,0.3966,0.0,0.07436,0.53961,0.0,0.0,0.0,0.48251,0.83444,0.0,0.0
0.60206,0.00993,0.006,0.76887,0.00055,3.28122,0.75098,10.3093,0.71419,1.29908,0.01367,0.86483,0.38087,0.0,0.14656,0.51689,0.0,0.0,0.0,0.2482,1.0,0.0,0.0
0.58367,0.01142,0.00968,0.91705,0.00042,4.13521,0.81865,6.29656,0.48626,1.39432,0.01787,0.6453,0.4014,0.0,0.11155,0.51639,0.0,0.0,0.0,0.4794,0.82861,0.0,0.0
0.6444,0.01142,0.01055,0.937,0.00045,2.82987,0.95,7.25944,0.49123,1.48674,0.02105,0.71594,0.41846,0.0,0.09967,0.52226,0.0,0.0,0.0,0.55685,0.82861,0.0,0.0
0.62247,0.0104,0.00993,0.937,0.00043,3.31295,0.79292,5.93399,0.44968,1.31356,0.01957,0.56859,0.36476,0.0,0.1059,0.51427,0.0,0.0,0.0,0.49046,0.81145,0.0,0.0
0.62646,0.01321,0.008,0.90658,0.00061,3.94796,0.82313,5.54632,0.57075,1.37079,0.01709,0.65887,0.40126,0.0,0.17668,0.50224,0.0,0.0,0.0,0.36021,1.0,0.0,0.0
0.57791,0.01392,0.00993,0.9746,0.00035,2.9855,0.80825,6.22105,0.53167,1.31356,0.01806,0.58388,0.39618,0.0,0.10923,0.65311,0.0,0.0,0.0,0.49204,0.88625,0.0,0.0
0.61082,0.01105,0.00993,0.87088,0.0005,3.06647,0.81348,6.22105,0.44968,1.52851,0.01914,0.43987,0.51114,0.0,0.10923,0.55375,0.0,0.0,0.0,0.53924,0.75975,0.0,0.0
0.64376,0.01149,0.0105,0.9413,0.00056,3.23844,0.79489,6.69084,0.44968,1.271,0.02199,0.60314,0.44005,0.0,0.10971,0.56641,0.0,0.0,0.0,0.50203,0.71907,0.0,0.0
0.62785,0.01142,0.00988,0.93884,0.00042,3.34271,0.79565,6.18526,0.44927,1.31101,0.01806,0.58794,0.4014,0.0,0.10923,0.50768,0.0,0.0,0.0,0.50154,0.82861,0.0,0.0
0.64232,0.0114,0.00993,0.9369,0.00042,3.31295,0.79489,6.22741,0.44989,1.31388,0.01806,0.59328,0.40077,0.0,0.10917,0.51522,0.0,0.0,0.0,0.50118,0.8283,0.0,0.0
0.63191,0.01243,0.00537,0.87535,0.00061,3.57959,0.82313,9.80866,0.5238,1.49751,0.01973,0.62674,0.52251,0.0,0.13364,0.44211,0.0,0.0,0.0,0.32181,1.0,0.0,0.0
0.60229,0.01112,0.01615,0.91236,0.00043,3.33258,0.83061,6.44654,0.51121,1.39653,0.02082,0.50779,0.36656,0.0,0.11906,0.46679,0.0,0.0,0.0,0.45069,0.97171,0.0,0.0
0.64286,0.01172,0.00991,0.91798,0.0004,3.28092,0.74861,6.22105,0.44968,1.23633,0.01914,0.59857,0.41122,0.0,0.10983,0.53104,0.0,0.0,0.0,0.55132,0.88193,0.0,0.0
0.57686,0.01142,0.01117,0.92012,0.00041,3.31295,0.95,6.22105,0.50151,1.17493,0.01902,0.54211,0.4014,0.0,0.09479,0.5677,0.0,0.0,0.0,0.5131,0.88016,0.0,0.0
0.62867,0.01169,0.00854,0.91407,0.00074,2.91398,0.57095,6.63545,0.55076,1.6908,0.01676,0.73346,0.47542,0.0,0.20932,0.43244,0.0,0.0,0.0,0.29826,0.98804,0.0,0.0
0.63629,0.0117,0.00993,0.94895,0.0003,3.12978,0.79489,7.01358,0.51122,1.12685,0.01708,0.71177,0.55428,0.0,0.10923,0.51427,0.0,0.0,0.0,0.50203,0.82861,0.0,0.0
0.60536,0.01142,0.00993,0.94752,0.00049,3.31295,0.7557,6.22105,0.49745,1.53412,0.01758,0.66597,0.38755,0.0,0.10955,0.48782,0.0,0.0,0.0,0.52172,0.86853,0.0,0.0
0.63685,0.01142,0.00993,0.94449,0.00042,3.65276,0.79489,4.83635,0.44761,1.16329,0.01707,0.62756,0.4014,0.0,0.10091,0.51427,0.0,0.0,0.0,0.57584,0.80291,0.0,0.0
0.61616,0.01292,0.01147,0.937,0.00041,3.38929,0.71711,6.22105,0.34986,1.31356,0.01496,0.59289,0.37503,0.0,0.09375,0.53103,0.0,0.0,0.0,0.47794,0.82861,0.0,0.0
0.63447,0.01098,0.01046,0.937,0.00044,3.45998,0.83482,5.99822,0.42878,1.30185,0.0183,0.58413,0.42907,0.0,0.1183,0.55973,0.0,0.0,0.0,0.5209,0.87294,0.0,0.0
0.60094,0.00969,0.0097,0.937,0.00036,3.31295,0.88161,7.10353,0.474,1.27001,0.01673,0.55408,0.36131,0.0,0.11231,0.54608,0.0,0.0,0.0,0.50203,0.93315,0.0,0.0
0.64074,0.01155,0.00868,0.937,0.00042,3.53158,0.79489,6.22105,0.44155,1.45551,0.01664,0.62169,0.40652,0.0,0.12456,0.51631,0.0,0.0,0.0,0.54517,0.79255,0.0,0.0
0.62137,0.01369,0.01007,0.92898,0.00042,3.01168,0.79489,6.22105,0.51144,1.33472,0.01813,0.57599,0.37489,0.0,0.10923,0.50207,0.0,0.0,0.0,0.49303,0.80716,0.0,0.0
0.63087,0.01204,0.01012,0.95115,0.00047,3.31295,0.70059,5.72506,0.49868,1.33907,0.01806,0.49955,0.36708,0.0,0.1039,0.57383,0.0,0.0,0.0,0.53104,0.93417,0.0,0.0
0.60407,0.01418,0.01083,0.96505,0.00039,3.39707,0.79489,6.80898,0.50033,1.54645,0.01993,0.58236,0.4134,0.0,0.08558,0.57033,0.0,0.0,0.0,0.50203,0.91537,0.0,0.0
0.56675,0.01133,0.01091,0.94571,0.00042,3.09651,0.80088,5.99669,0.44667,1.30052,0.01868,0.59539,0.4014,0.0,0.10424,0.51251,0.0,0.0,0.0,0.50752,0.79514,0.0,0.0
0.64494,0.01202,0.00694,0.86043,0.00055,3.06025,0.82313,6.19408,0.5383,1.62073,0.01883,0.70857,0.33994,0.0,0.12817,0.45838,0.0,0.0,0.0,0.39672,0.89406,0.0,0.0
0.61094,0.01146,0.008,0.87534,0.00054,3.9557,0.76978,7.46842,0.56126,1.39695,0.01594,0.71603,0.38087,0.0,0.14118,0.52249,0.0,0.0,0.0,0.37395,0.89624,0.0,0.0
0.66288,0.01092,0.00769,0.81297,0.00054,3.6586,0.95,7.46842,0.5045,1.62186,0.01605,0.63135,0.38612,0.0,0.13263,0.53285,0.0,0.0,0.0,0.27888,0.98804,0.0,0.0
0.6383,0.00958,0.00993,0.88872,0.00051,3.97391,0.73415,7.65998,0.55429,1.5064,0.0157,0.26038,0.45008,0.0,0.11933,0.52953,0.0,0.0,0.0,0.65216,0.73761,0.0,0.0
0.61863,0.00914,0.01111,0.937,0.00046,3.23102,0.82159,9.07447,0.49011,1.44694,0.01114,0.59289,0.35129,0.0,0.11822,0.43128,0.0,0.0,0.0,0.5548,0.7475,0.0,0.0
0.62133,0.01029,0.00872,0.903,0.00044,3.03345,0.83245,5.22537,0.43843,1.26835,0.01806,0.61791,0.4014,0.0,0.10923,0.51916,0.0,0.0,0.0,0.50203,0.82861,0.0,0.0
0.61684,0.01302,0.00924,0.93377,0.00041,3.14743,0.79489,6.22105,0.49636,1.39567,0.02283,0.59289,0.35253,0.0,0.11029,0.609,0.0,0.0,0.0,0.5477,0.82861,0.0,0.0
0.62049,0.01021,0.00787,0.884,0.00055,3.92933,0.87343,7.46842,0.5466,1.38566,0.01497,0.73169,0.38083,0.0,0.13304,0.45181,0.0,0.0,0.0,0.31303,0.98804,0.0,0.0
0.6316,0.01178,0.01059,0.93853,0.00042,3.31295,0.70433,6.22105,0.45876,1.26087,0.01833,0.55373,0.44032,0.0,0.10854,0.51427,0.0,0.0,0.0,0.46758,0.94426,0.0,0.0
0.61715,0.01161,0.00993,0.96853,0.0004,2.9948,0.9236,7.39638,0.54074,1.34685,0.01806,0.59289,0.4014,0.0,0.12634,0.51427,0.0,0.0,0.0,0.38031,0.91997,0.0,0.0
0.60653,0.01264,0.00625,0.96867,0.00031,3.34998,0.79489,6.22105,0.44968,1.21176,0.01806,0.57902,0.4889,0.0,0.102,0.51427,0.0,0.0,0.0,0.50241,0.83995,0.0,0.0
0.59895,0.01085,0.00769,0.81871,0.00054,3.6586,0.95,7.21152,0.50295,1.62186,0.01638,0.64488,0.39143,0.0,0.13186,0.53154,0.0,0.0,0.0,0.27888,0.98069,0.0,0.0
0.58448,0.01174,0.01006,0.92091,0.00041,3.20874,0.75553,6.17815,0.44968,1.31517,0.01949,0.61199,0.41206,0.0,0.10838,0.52327,0.0,0.0,0.0,0.50572,0.88579,0.0,0.0
0.62875,0.01115,0.0117,0.92545,0.00031,3.31295,0.80102,5.21234,0.44968,1.2813,0.01806,0.69855,0.4014,0.0,0.11595,0.4583,0.0,0.0,0.0,0.41387,0.96108,0.0,0.0
0.62123,0.0124,0.00993,0.937,0.00042,3.21157,0.79489,6.22105,0.41867,1.42694,0.01772,0.61654,0.37919,0.0,0.10923,0.60853,0.0,0.0,0.0,0.50203,0.66861,0.0,0.0
0.66391,0.01375,0.01076,0.90753,0.00048,3.79428,0.95,5.97962,0.3915,1.0747,0.02041,0.66307,0.48653,0.0,0.10923,0.56568,0.0,0.0,0.0,0.42555,0.86364,0.0,0.0
0.60782,0.00993,0.01177,0.81215,0.00052,4.94184,0.3511,6.22105,0.49481,0.65141,0.01806,0.62769,0.27374,0.0,0.10923,0.52235,0.0,0.0,0.0,0.6253,0.5657,0.0,0.0
0.59084,0.01142,0.00991,0.93696,0.00042,3.30486,0.79895,6.34695,0.44968,1.32823,0.01797,0.58241,0.40751,0.0,0.10987,0.50715,0.0,0.0,0.0,0.50773,0.82694,0.0,0.0
0.63413,0.01375,0.01076,0.90682,0.00048,3.79428,0.95,5.99258,0.39101,1.0747,0.02035,0.66409,0.48517,0.0,0.10915,0.5658,0.0,0.0,0.0,0.4274,0.86364,0.0,0.0
0.59621,0.01294,0.00981,0.89054,0.00046,3.31295,0.9464,6.26814,0.40924,1.31356,0.01854,0.59289,0.40572,0.0,0.09558,0.66665,0.0,0.0,0.0,0.50203,0.82861,0.0,0.0
0.63386,0.01356,0.01066,0.90892,0.00049,3.60837,0.95,6.16977,0.4064,1.0747,0.01885,0.63174,0.48653,0.0,0.10923,0.59004,0.0,0.0,0.0,0.45104,0.86364,0.0,0.0
0.64916,0.01168,0.00993,0.94342,0.00042,3.31295,0.79594,6.13478,0.46269,1.31249,0.01806,0.59342,0.39586,0.0,0.10779,0.50627,0.0,0.0,0.0,0.49607,0.81795,0.0,0.0
0.61541,0.01078,0.00695,0.86617,0.00059,3.54258,0.95,5.20629,0.57411,1.44637,0.01692,0.74444,0.41375,0.0,0.13951,0.45276,0.0,0.0,0.0,0.32181,0.64878,0.0,0.0
0.55856,0.0098,0.00993,0.937,0.00036,2.35985,0.78223,5.15159,0.42078,1.47365,0.01924,0.61194,0.37547,0.0,0.10089,0.51427,0.0,0.0,0.0,0.57485,0.82861,0.0,0.0
0.64252,0.01122,0.00993,0.94212,0.00042,3.37023,0.80361,6.30468,0.44958,1.32578,0.018,0.59358,0.39731,0.0,0.1094,0.51011,0.0,0.0,0.0,0.50203,0.82321,0.0,0.0
0.64367,0.01004,0.00828,0.78657,0.00054,3.6586,0.81152,7.46842,0.58742,1.33078,0.01737,0.55287,0.33475,0.0,0.14055,0.53285,0.0,0.0,0.0,0.23141,1.0,0.0,0.0
0.63441,0.01206,0.00993,0.98,0.00043,2.76378,0.79489,6.26099,0.44968,1.31356,0.01806,0.57843,0.39167,0.0,0.10923,0.53514,0.0,0.0,0.0,0.54461,0.99774,0.0,0.0
0.65331,0.01368,0.00956,0.90753,0.00048,2.90665,0.95,6.9076,0.3915,1.0747,0.02309,0.66307,0.48653,0.0,0.09623,0.61687,0.0,0.0,0.0,0.44624,0.86364,0.0,0.0
0.63073,0.01226,0.00644,0.85685,0.00058,3.91904,0.75401,8.54732,0.44966,1.2936,0.01615,0.79952,0.48888,0.0,0.16164,0.47697,0.0,0.0,0.0,0.26092,0.88008,0.0,0.0
0.62084,0.01017,0.00769,0.81297,0.00056,2.93929,0.95,7.48729,0.49726,1.79183,0.01932,0.61249,0.38612,0.0,0.12706,0.55505,0.0,0.0,0.0,0.27888,0.97262,0.0,0.0
0.65665,0.01253,0.00993,0.98,0.0004,3.31295,0.73134,6.98403,0.36839,1.08722,0.01573,0.55983,0.35703,0.0,0.10923,0.51427,0.0,0.0,0.0,0.50068,0.84226,0.0,0.0
0.6539,0.01058,0.00876,0.80148,0.00058,3.62588,0.88462,8.28597,0.42205,1.62186,0.01881,0.66452,0.392,0.0,0.14147,0.38194,0.0,0.0,0.0,0.26377,0.98804,0.0,0.0
0.62006,0.01383,0.01076,0.90695,0.00048,3.79444,0.95,5.98277,0.39092,1.07876,0.02032,0.66232,0.48757,0.0,0.10923,0.56482,0.0,0.0,0.0,0.42555,0.86769,0.0,0.0
0.59842,0.01142,0.01007,0.93183,0.00042,3.29312,0.78432,6.24292,0.44646,1.30851,0.01796,0.5917,0.39991,0.0,0.10763,0.51427,0.0,0.0,0.0,0.49763,0.80708,0.0,0.0
0.6309,0.01078,0.00779,0.88997,0.00055,3.56842,0.80925,7.48366,0.54115,1.44497,0.01632,0.73346,0.38271,0.0,0.14164,0.45276,0.0,0.0,0.0,0.32721,1.0,0.0,0.0
0.64059,0.01427,0.00934,0.91527,0.00048,3.60372,0.95,5.71573,0.4216,1.0747,0.01951,0.66888,0.48239,0.0,0.10923,0.54311,0.0,0.0,0.0,0.41396,0.92459,0.0,0.0
0.58604,0.01146,0.00991,0.94178,0.00042,3.30691,0.79266,6.22105,0.44968,1.31686,0.01788,0.59394,0.40144,0.0,0.10973,0.51121,0.0,0.0,0.0,0.50647,0.83216,0.0,0.0
0.63936,0.01416,0.01134,0.89821,0.00048,4.84949,0.95,4.57895,0.40191,1.2243,0.02129,0.66307,0.4553,0.0,0.10131,0.54648,0.0,0.0,0.0,0.43621,0.86364,0.0,0.0
0.61408,0.01387,0.01005,0.937,0.00041,3.12842,0.65079,6.22105,0.48277,1.24743,0.01866,0.56192,0.47482,0.0,0.10923,0.53142,0.0,0.0,0.0,0.52019,0.74565,0.0,0.0
0.62931,0.01717,0.01164,0.90432,0.00047,4.52964,0.81551,5.97962,0.45478,1.0747,0.02274,0.53288,0.48653,0.0,0.10897,0.56568,0.0,0.0,0.0,0.42488,0.71945,0.0,0.0
0.61432,0.01156,0.00979,0.93719,0.00042,3.369,0.8218,5.8446,0.44327,1.38606,0.01821,0.61409,0.4014,0.0,0.10973,0.51085,0.0,0.0,0.0,0.4866,0.81336,0.0,0.0
0.61884,0.01149,0.00993,0.97843,0.00037,3.42175,0.59442,6.09777,0.44968,1.19222,0.01775,0.73886,0.4014,0.0,0.11453,0.51427,0.0,0.0,0.0,0.50203,0.77645,0.0,0.0
0.60939,0.01067,0.01053,0.89215,0.00037,3.31295,0.59327,4.70435,0.42034,1.10373,0.01806,0.615,0.40917,0.0,0.08675,0.45383,0.0,0.0,0.0,0.59161,0.78327,0.0,0.0
0.61079,0.01221,0.01055,0.88847,0.00037,3.68957,0.94347,5.39581,0.52452,1.41667,0.01754,0.57331,0.4014,0.0,0.10923,0.48744,0.0,0.0,0.0,0.39742,0.72321,0.0,0.0
0.59734,0.01111,0.00999,0.9229,0.00055,3.64566,0.77025,7.16599,0.44968,1.40827,0.01806,0.54949,0.38429,0.0,0.14261,0.56478,0.0,0.0,0.0,0.47763,0.82041,0.0,0.0
0.61889,0.01284,0.01028,0.88127,0.0005,3.31295,0.84566,6.64191,0.44968,1.14358,0.01806,0.59289,0.39518,0.0,0.10923,0.49388,0.0,0.0,0.0,0.50912,0.88303,0.0,0.0
0.61264,0.01042,0.00927,0.97413,0.00043,3.49315,0.79562,7.27776,0.45828,1.17967,0.01899,0.59289,0.33961,0.0,0.11223,0.45067,0.0,0.0,0.0,0.51576,0.69844,0.0,0.0
0.66657,0.00879,0.00889,0.81297,0.00043,3.53965,0.95,7.46842,0.46897,1.49999,0.01618,0.68568,0.38262,0.0,0.13263,0.53285,0.0,0.0,0.0,0.27888,0.98804,0.0,0.0
0.69859,0.01108,0.01107,0.91025,0.00055,3.92051,0.90483,7.25008,0.37679,1.01668,0.02588,0.62292,0.38735,0.0,0.11097,0.69571,0.0,0.0,0.0,0.50177,0.89342,0.0,0.0
0.63303,0.00848,0.01107,0.91025,0.0006,4.69933,0.83582,11.27562,0.44965,1.08178,0.02151,0.56443,0.32082,0.0,0.11966,0.75406,0.0,0.0,0.0,0.45318,0.77815,0.0,0.0
0.63744,0.01124,0.01166,0.89042,0.00051,3.75733,0.90483,7.64944,0.35222,1.06239,0.02515,0.62731,0.41252,0.0,0.12531,0.70915,0.0,0.0,0.0,0.47981,0.87739,0.0,0.0
0.48165,0.01108,0.01087,0.89096,0.00048,4.22135,0.76255,9.79495,0.37219,0.85317,0.01829,0.61161,0.51624,0.0,0.11669,0.7565,0.0,0.0,0.0,0.53685,0.71494,0.0,0.0
0.6654,0.00794,0.00842,0.83357,0.00048,3.19466,0.95,6.65975,0.46897,1.4658,0.01618,0.70525,0.38262,0.0,0.11678,0.54896,0.0,0.0,0.0,0.28107,0.92502,0.0,0.0
0.63117,0.0142,0.0091,0.91025,0.00055,4.38678,0.90483,6.59739,0.39258,1.02881,0.0216,0.53484,0.37973,0.0,0.13631,0.69571,0.0,0.0,0.0,0.57672,0.83845,0.0,0.0
0.62416,0.01108,0.01135,0.88355,0.00057,3.72577,0.95,7.83536,0.38245,1.01668,0.02588,0.61138,0.39175,0.0,0.11097,0.71042,0.0,0.0,0.0,0.46276,0.86852,0.0,0.0
0.65459,0.01026,0.00838,0.81297,0.00045,4.18501,0.87759,7.56212,0.52863,1.36619,0.01685,0.76707,0.3442,0.0,0.13263,0.52575,0.0,0.0,0.0,0.32137,1.0,0.0,0.0
0.60482,0.00849,0.00876,0.82279,0.00049,3.66898,0.95,7.43408,0.40521,1.57169,0.01741,0.64325,0.37382,0.0,0.13263,0.54623,0.0,0.0,0.0,0.31352,1.0,0.0,0.0
0.6203,0.00855,0.01007,0.81818,0.0004,3.87421,0.95,6.81214,0.41271,1.69724,0.01524,0.74621,0.29394,0.0,0.13378,0.53285,0.0,0.0,0.0,0.27888,0.77454,0.0,0.0
0.6739,0.01126,0.01107,0.91025,0.00055,3.87818,0.88832,7.1864,0.38441,1.01868,0.02631,0.63088,0.38701,0.0,0.11097,0.68894,0.0,0.0,0.0,0.50177,0.89342,0.0,0.0
0.61898,0.01468,0.00861,0.91025,0.00056,4.63245,0.90483,6.66974,0.4003,1.15341,0.02311,0.57768,0.26403,0.0,0.08571,0.69571,0.0,0.0,0.0,0.42777,0.89342,0.0,0.0
0.62964,0.01108,0.01168,0.90345,0.00057,3.97696,0.90152,6.9905,0.37679,0.98565,0.02556,0.64899,0.41587,0.0,0.10952,0.69571,0.0,0.0,0.0,0.48141,0.82974,0.0,0.0
0.62938,0.01096,0.01131,0.91025,0.00057,4.00168,0.87129,7.16744,0.37954,1.01715,0.02631,0.60365,0.36687,0.0,0.1141,0.69684,0.0,0.0,0.0,0.49599,0.91308,0.0,0.0
0.60369,0.0105,0.01107,0.93659,0.00055,3.87818,0.76669,7.1864,0.42943,1.05458,0.0189,0.63088,0.41588,0.0,0.13833,0.72757,0.0,0.0,0.0,0.48874,0.94145,0.0,0.0
0.62793,0.01256,0.01202,0.91146,0.00049,3.6808,0.90483,7.32642,0.37679,0.87726,0.02588,0.59286,0.43426,0.0,0.08789,0.54609,0.0,0.0,0.0,0.51384,0.94054,0.0,0.0
0.61547,0.01149,0.01107,0.94877,0.00055,4.21309,0.95,9.19444,0.2931,1.01668,0.02413,0.5938,0.38735,0.0,0.10539,0.69571,0.0,0.0,0.0,0.47065,0.83467,0.0,0.0
0.59963,0.01358,0.01442,0.84414,0.0004,3.92051,0.90483,6.55557,0.41395,1.02469,0.02578,0.62292,0.52287,0.0,0.11097,0.64184,0.0,0.0,0.0,0.5946,0.97806,0.0,0.0
0.60696,0.01057,0.01107,0.91109,0.00057,4.53921,0.90483,7.13719,0.38369,1.10361,0.02548,0.64192,0.40046,0.0,0.10345,0.71423,0.0,0.0,0.0,0.45963,0.89342,0.0,0.0
0.60114,0.00987,0.01075,0.91535,0.00054,4.03289,0.89046,7.38777,0.42076,1.01668,0.02376,0.76537,0.38735,0.0,0.10911,0.64352,0.0,0.0,0.0,0.52795,0.85176,0.0,0.0
0.6543,0.01108,0.01137,0.91522,0.00055,3.8996,0.91237,7.39541,0.37926,1.01668,0.02671,0.6104,0.38691,0.0,0.11115,0.69285,0.0,0.0,0.0,0.49669,0.86661,0.0,0.0
0.67786,0.01108,0.00954,0.92044,0.00055,3.89046,0.90214,5.52663,0.57924,1.13561,0.02609,0.5963,0.44185,0.0,0.11137,0.69571,0.0,0.0,0.0,0.50177,0.85934,0.0,0.0
0.55788,0.00754,0.01007,0.937,0.00033,3.39722,0.79489,6.16527,0.44968,1.6608,0.0168,0.55552,0.4155,0.0,0.10923,0.62576,0.0,0.0,0.0,0.55371,0.91297,0.0,0.0
0.6317,0.01142,0.011,0.937,0.00049,3.31295,0.85516,7.50089,0.5013,1.31356,0.0143,0.55254,0.4014,0.0,0.11843,0.53936,0.0,0.0,0.0,0.51954,0.84868,0.0,0.0
0.62801,0.01401,0.01136,0.98,0.00055,3.87818,0.72682,7.1864,0.26383,1.0714,0.02498,0.63378,0.34731,0.0,0.11039,0.75025,0.0,0.0,0.0,0.50177,0.81248,0.0,0.0
0.58199,0.01051,0.0102,0.88574,0.00039,4.25961,0.90483,6.3722,0.29502,1.00597,0.02053,0.36209,0.30807,0.0,0.13532,0.69571,0.0,0.0,0.0,0.53536,1.0,0.0,0.0
0.60045,0.01035,0.01107,0.91025,0.00057,3.91804,0.90483,6.45702,0.35819,1.01668,0.02602,0.66892,0.34595,0.0,0.10886,0.70385,0.0,0.0,0.0,0.50177,0.83526,0.0,0.0
0.62184,0.01019,0.00924,0.94459,0.00055,3.34727,0.95,6.02805,0.7846,1.32664,0.03269,0.47557,0.41629,0.0,0.12455,0.65683,0.0,0.0,0.0,0.50386,0.72378,0.0,0.0
0.62129,0.01124,0.01136,0.8776,0.00049,3.48152,0.8147,7.25008,0.29861,1.10866,0.02648,0.70884,0.39916,0.0,0.09312,0.68461,0.0,0.0,0.0,0.54407,0.91145,0.0,0.0
0.58347,0.01155,0.00954,0.953,0.0006,3.84717,0.90214,6.67605,0.57924,1.25441,0.02752,0.66127,0.44185,0.0,0.12541,0.69571,0.0,0.0,0.0,0.50237,0.95947,0.0,0.0
0.63694,0.01146,0.0112,0.93805,0.0005,4.34497,0.95,7.25008,0.35105,1.01636,0.02014,0.62213,0.38903,0.0,0.11068,0.61032,0.0,0.0,0.0,0.50177,0.89388,0.0,0.0
0.64509,0.01126,0.01129,0.91579,0.00055,3.87818,0.87544,7.22833,0.38441,0.9939,0.02706,0.62979,0.38701,0.0,0.10996,0.68454,0.0,0.0,0.0,0.50403,0.90199,0.0,0.0
0.6432,0.01108,0.01033,0.90306,0.00061,3.53819,0.79556,7.3202,0.37679,1.01668,0.02547,0.51374,0.38735,0.0,0.10752,0.69571,0.0,0.0,0.0,0.54317,0.89342,0.0,0.0
0.60074,0.01108,0.00967,0.92768,0.00055,3.93695,0.91081,5.56103,0.57164,1.15341,0.0253,0.57558,0.42665,0.0,0.10836,0.68235,0.0,0.0,0.0,0.50309,0.85845,0.0,0.0
0.64069,0.01104,0.01107,0.90901,0.00055,3.92061,0.90772,7.22357,0.37679,1.01581,0.02588,0.62292,0.38727,0.0,0.1109,0.69507,0.0,0.0,0.0,0.49967,0.89342,0.0,0.0
0.65478,0.01363,0.009,0.91334,0.00055,3.34528,0.95,5.52663,0.65034,1.1605,0.02549,0.7025,0.44185,0.0,0.12103,0.69571,0.0,0.0,0.0,0.49884,0.89047,0.0,0.0
0.61401,0.00971,0.01107,0.91025,0.00055,3.60506,0.9292,7.25008,0.37446,1.01668,0.02575,0.59455,0.37906,0.0,0.12313,0.61237,0.0,0.0,0.0,0.53366,1.0,0.0,0.0
0.66419,0.01108,0.01107,0.91173,0.00055,3.92051,0.90483,7.29447,0.3793,1.03058,0.02577,0.62641,0.38735,0.0,0.11097,0.69826,0.0,0.0,0.0,0.50177,0.88357,0.0,0.0
0.59946,0.01102,0.00965,0.91899,0.00056,3.99332,0.91403,5.52663,0.5772,1.1259,0.02638,0.59188,0.44293,0.0,0.11371,0.69724,0.0,0.0,0.0,0.48401,0.85438,0.0,0.0
0.63924,0.01369,0.01125,0.93573,0.00058,3.43367,0.90214,5.79046,0.69774,1.13561,0.02609,0.47457,0.44185,0.0,0.11014,0.70784,0.0,0.0,0.0,0.53606,0.91674,0.0,0.0
0.62671,0.01092,0.01107,0.90911,0.00056,3.92051,0.90676,7.29456,0.37679,1.03414,0.02588,0.62667,0.39024,0.0,0.10882,0.69781,0.0,0.0,0.0,0.50107,0.89342,0.0,0.0
0.62508,0.0117,0.01107,0.90949,0.00056,3.92051,0.86447,7.25008,0.37679,0.8995,0.02475,0.67482,0.38735,0.0,0.1121,0.69347,0.0,0.0,0.0,0.54218,0.89931,0.0,0.0
0.61843,0.01171,0.00995,0.92924,0.0006,3.39875,0.94353,7.14036,0.3655,1.01668,0.02912,0.62292,0.38735,0.0,0.11097,0.61671,0.0,0.0,0.0,0.50177,0.89342,0.0,0.0
0.60526,0.01285,0.00939,0.92312,0.00055,4.00434,0.95,5.79796,0.66903,1.13561,0.02609,0.5963,0.44584,0.0,0.12499,0.45529,0.0,0.0,0.0,0.50177,0.99525,0.0,0.0
0.66368,0.01102,0.01109,0.90946,0.00055,3.92191,0.91037,7.22797,0.37542,1.02144,0.02591,0.62011,0.38766,0.0,0.11097,0.69571,0.0,0.0,0.0,0.50012,0.89342,0.0,0.0
0.60232,0.01108,0.01074,0.92044,0.00046,4.59553,0.90214,5.59619,0.60047,1.16869,0.02646,0.46536,0.43141,0.0,0.11137,0.95,0.0,0.0,0.0,0.28845,0.87365,0.0,0.0
0.62774,0.01103,0.01118,0.9095,0.00055,3.89588,0.90543,7.25008,0.37679,1.01668,0.02588,0.62462,0.38693,0.0,0.11089,0.69571,0.0,0.0,0.0,0.50341,0.88435,0.0,0.0
0.64463,0.01055,0.0105,0.91025,0.00056,3.539,0.86132,6.58253,0.37679,0.93926,0.02588,0.52638,0.36447,0.0,0.11019,0.7013,0.0,0.0,0.0,0.50048,1.0,0.0,0.0
0.59331,0.01247,0.00838,0.87671,0.00058,3.89046,0.93626,5.68994,0.5332,1.247,0.02286,0.55872,0.44185,0.0,0.08696,0.74339,0.0,0.0,0.0,0.56504,0.89395,0.0,0.0
0.42817,0.00721,0.01127,0.9387,0.00056,3.89046,0.66441,5.52663,0.69872,1.19162,0.02346,0.58145,0.42978,0.0,0.14055,0.43015,0.0,0.0,0.0,0.50177,0.87518,0.0,0.0
0.60142,0.01142,0.00701,0.87135,0.00043,4.7124,0.6104,6.44961,0.44968,1.5852,0.01806,0.71435,0.37641,0.0,0.08953,0.5475,0.0,0.0,0.0,0.64054,1.0,0.0,0.0
0.60674,0.01108,0.01036,0.92044,0.00055,3.58729,0.89492,5.52663,0.59356,1.08975,0.0245,0.6339,0.44185,0.0,0.10457,0.69965,0.0,0.0,0.0,0.50133,0.85934,0.0,0.0
0.64187,0.00893,0.01271,0.85229,0.00064,3.40976,0.91645,7.25008,0.37679,0.94579,0.02776,0.53878,0.3936,0.0,0.11097,0.68697,0.0,0.0,0.0,0.63832,0.99493,0.0,0.0
0.62638,0.0114,0.01078,0.91025,0.00055,3.96386,0.93851,7.33436,0.36288,1.01668,0.02569,0.66172,0.39319,0.0,0.11173,0.68024,0.0,0.0,0.0,0.52061,0.89342,0.0,0.0
0.60368,0.01143,0.01079,0.92535,0.00055,4.02969,0.90483,7.42362,0.37679,1.02599,0.02586,0.60082,0.37277,0.0,0.11858,0.71067,0.0,0.0,0.0,0.48579,0.93348,0.0,0.0
0.67063,0.01085,0.01382,0.87141,0.00055,3.92714,0.90483,6.34293,0.32563,1.11567,0.02688,0.62292,0.38461,0.0,0.11097,0.70473,0.0,0.0,0.0,0.48389,0.80716,0.0,0.0
0.63153,0.01313,0.00866,0.89467,0.00039,4.53085,0.90205,7.25008,0.37679,0.78759,0.02588,0.62292,0.35087,0.0,0.10332,0.79837,0.0,0.0,0.0,0.62257,0.81338,0.0,0.0
0.64174,0.00915,0.0101,0.91025,0.00055,3.72395,0.86485,6.5203,0.40389,0.98655,0.02672,0.60937,0.3391,0.0,0.1199,0.70387,0.0,0.0,0.0,0.45319,0.79218,0.0,0.0
0.64786,0.01117,0.01107,0.90345,0.00067,4.10374,0.95,7.25008,0.37679,1.01668,0.0301,0.60995,0.38735,0.0,0.11097,0.72703,0.0,0.0,0.0,0.48012,0.98456,0.0,0.0
0.62045,0.01108,0.0109,0.9078,0.00056,3.80356,0.91384,7.21332,0.38731,1.00202,0.0263,0.62596,0.39009,0.0,0.1147,0.69979,0.0,0.0,0.0,0.51076,0.90686,0.0,0.0
0.6252,0.00902,0.01107,0.92674,0.00046,4.31453,0.60165,7.5986,0.43225,1.11686,0.03097,0.62292,0.45624,0.0,0.14094,0.70352,0.0,0.0,0.0,0.44436,1.0,0.0,0.0
0.62908,0.01108,0.01125,0.90992,0.00055,3.93579,0.89902,7.25008,0.37887,1.02793,0.02559,0.62178,0.38726,0.0,0.10869,0.69571,0.0,0.0,0.0,0.48569,0.89156,0.0,0.0
0.65182,0.01194,0.01107,0.92102,0.00058,3.77476,0.8995,8.27707,0.39649,1.09725,0.02692,0.62292,0.38735,0.0,0.10457,0.69644,0.0,0.0,0.0,0.50473,0.89342,0.0,0.0
0.63487,0.01278,0.01252,0.89784,0.00055,3.6165,0.77087,7.25008,0.33765,0.9113,0.02479,0.84633,0.45866,0.0,0.09891,0.70156,0.0,0.0,0.0,0.40255,0.70554,0.0,0.0
0.63835,0.01108,0.01117,0.90853,0.00055,3.9718,0.90483,7.24765,0.37686,1.00525,0.02512,0.62292,0.38649,0.0,0.11015,0.69832,0.0,0.0,0.0,0.50285,0.91171,0.0,0.0
0.62927,0.01088,0.00929,0.93722,0.00058,3.85765,0.85238,5.43989,0.60052,1.11489,0.02609,0.57946,0.44191,0.0,0.11135,0.70535,0.0,0.0,0.0,0.50305,0.87004,0.0,0.0
0.62486,0.01032,0.01107,0.95597,0.00059,4.67937,0.95,6.39769,0.40158,1.01668,0.02588,0.66244,0.41421,0.0,0.11424,0.67409,0.0,0.0,0.0,0.53924,0.87285,0.0,0.0
0.63111,0.01108,0.01107,0.86829,0.00052,4.12789,0.91478,6.80781,0.39103,0.94047,0.0248,0.62292,0.38996,0.0,0.10649,0.69571,0.0,0.0,0.0,0.50177,0.89342,0.0,0.0
0.65466,0.00965,0.00926,0.97551,0.00056,3.89046,0.68153,5.137,0.585,1.07163,0.02285,0.64182,0.44185,0.0,0.11601,0.69571,0.0,0.0,0.0,0.48129,0.90139,0.0,0.0
0.61063,0.00913,0.01431,0.91025,0.00043,3.99273,0.90483,7.84656,0.37679,1.01668,0.03035,0.65383,0.29555,0.0,0.1196,0.85698,0.0,0.0,0.0,0.49308,0.79301,0.0,0.0
0.63514,0.01202,0.01217,0.91025,0.0005,4.12578,0.95,5.46852,0.40329,1.01668,0.025,0.62292,0.35514,0.0,0.10379,0.79103,0.0,0.0,0.0,0.42274,0.89342,0.0,0.0
0.5966,0.01136,0.01107,0.91025,0.00055,3.92133,0.95,7.25008,0.369,1.03985,0.02544,0.61165,0.38735,0.0,0.10549,0.73529,0.0,0.0,0.0,0.49753,0.89342,0.0,0.0
0.5835,0.00958,0.00875,0.92044,0.00059,3.56623,0.95,5.34896,0.55316,1.05868,0.02449,0.6505,0.45954,0.0,0.11995,0.62916,0.0,0.0,0.0,0.50177,0.7747,0.0,0.0
0.60217,0.01053,0.01388,0.9224,0.00054,3.99579,0.91518,7.25008,0.35442,1.09138,0.02612,0.6803,0.38735,0.0,0.13093,0.74596,0.0,0.0,0.0,0.50483,0.88936,0.0,0.0
0.55291,0.01108,0.00976,0.92044,0.00063,3.89046,0.90214,5.58321,0.43249,1.13561,0.02922,0.5963,0.47344,0.0,0.08739,0.69571,0.0,0.0,0.0,0.48196,0.7506,0.0,0.0
0.63289,0.01143,0.0097,0.90303,0.00054,3.86898,0.86576,5.96842,0.59061,1.10782,0.02524,0.59686,0.44185,0.0,0.11408,0.67581,0.0,0.0,0.0,0.50177,0.85934,0.0,0.0
0.66131,0.01072,0.01133,0.92778,0.00058,3.92051,0.78648,7.05617,0.37679,1.01668,0.02558,0.55391,0.39959,0.0,0.11287,0.69571,0.0,0.0,0.0,0.52094,0.89342,0.0,0.0
0.63408,0.0119,0.01107,0.91025,0.00055,3.86654,0.90439,7.09157,0.37679,1.00245,0.02613,0.62365,0.36473,0.0,0.11095,0.6654,0.0,0.0,0.0,0.52573,0.86868,0.0,0.0
0.65897,0.01108,0.01271,0.93749,0.00063,3.77496,0.90483,7.25008,0.3315,1.14048,0.02588,0.52484,0.36704,0.0,0.11103,0.68538,0.0,0.0,0.0,0.47803,0.79759,0.0,0.0
0.66185,0.01108,0.01175,0.93437,0.00054,4.02686,0.90483,7.03258,0.40353,0.98465,0.02396,0.57927,0.36892,0.0,0.11065,0.70442,0.0,0.0,0.0,0.5088,0.95013,0.0,0.0
0.60574,0.00939,0.0112,0.87027,0.00055,3.92051,0.85088,6.47819,0.22709,1.08749,0.03051,0.78533,0.3594,0.0,0.08486,0.91454,0.0,0.0,0.0,0.48991,1.0,0.0,0.0
0.61885,0.0097,0.01099,0.91051,0.00054,4.28724,0.95,6.95558,0.37252,0.85457,0.02588,0.62292,0.43968,0.0,0.12323,0.64685,0.0,0.0,0.0,0.50177,1.0,0.0,0.0
0.63725,0.01126,0.00928,0.86718,0.00058,4.03417,0.76932,6.49112,0.43899,1.2079,0.02704,0.54603,0.38701,0.0,0.11097,0.72531,0.0,0.0,0.0,0.36887,0.97851,0.0,0.0
0.61633,0.01447,0.01107,0.87512,0.00056,3.92051,0.78611,7.64753,0.31952,0.97904,0.02588,0.65349,0.40766,0.0,0.11097,0.72864,0.0,0.0,0.0,0.5795,1.0,0.0,0.0
0.64067,0.01108,0.00927,0.93376,0.00053,3.89046,0.90214,4.99482,0.59566,0.85756,0.02651,0.5963,0.47502,0.0,0.11137,0.61634,0.0,0.0,0.0,0.59246,0.85934,0.0,0.0
0.59006,0.00888,0.00941,0.97085,0.00055,3.89046,0.49749,7.48201,0.59275,0.78163,0.02613,0.80218,0.37206,0.0,0.13173,0.56008,0.0,0.0,0.0,0.50177,1.0,0.0,0.0
0.62205,0.01193,0.00954,0.92044,0.00048,4.32768,0.81246,6.11632,0.55258,0.96479,0.02989,0.5963,0.38603,0.0,0.09507,0.61489,0.0,0.0,0.0,0.50177,0.85934,0.0,0.0
0.62791,0.0111,0.01043,0.92635,0.00055,3.90464,0.91414,6.9027,0.40472,1.07008,0.02633,0.61433,0.36755,0.0,0.10869,0.69712,0.0,0.0,0.0,0.50168,0.91585,0.0,0.0
0.55909,0.01176,0.00956,0.92044,0.00054,3.70148,0.9219,5.6407,0.59173,1.14031,0.02619,0.60472,0.44752,0.0,0.11137,0.70953,0.0,0.0,0.0,0.50432,0.99656,0.0,0.0
0.62775,0.01033,0.0095,0.92341,0.00055,4.4142,0.95,5.65722,0.54724,0.95282,0.02609,0.5963,0.43495,0.0,0.11137,0.69571,0.0,0.0,0.0,0.48571,0.85934,0.0,0.0
0.43309,0.01103,0.01107,0.86451,0.00048,3.58362,0.90483,7.41939,0.35465,0.85389,0.02694,0.65917,0.39744,0.0,0.11097,0.77783,0.0,0.0,0.0,0.50177,0.81919,0.0,0.0
0.64622,0.00925,0.01107,0.95987,0.00052,2.77805,0.77781,7.25008,0.36604,1.13045,0.03016,0.71707,0.43403,0.0,0.13102,0.70454,0.0,0.0,0.0,0.64194,0.73174,0.0,0.0
0.67098,0.01105,0.01097,0.91025,0.00055,3.92051,0.89545,7.25008,0.37652,1.00826,0.02608,0.62584,0.38359,0.0,0.11039,0.70222,0.0,0.0,0.0,0.50449,0.88917,0.0,0.0
0.60322,0.01108,0.01179,0.82392,0.00059,3.92051,0.66379,7.25008,0.34102,0.96314,0.02459,0.59174,0.27258,0.0,0.10233,0.67372,0.0,0.0,0.0,0.50177,0.89342,0.0,0.0
0.63492,0.01081,0.0087,0.91361,0.00051,4.01756,0.90483,8.61871,0.3524,1.01668,0.03078,0.62292,0.40364,0.0,0.11868,0.76821,0.0,0.0,0.0,0.50945,0.89342,0.0,0.0
0.57122,0.01071,0.00914,0.90221,0.00058,3.88971,0.95,7.01402,0.45266,1.01668,0.02493,0.62292,0.34062,0.0,0.13042,0.59196,0.0,0.0,0.0,0.45959,0.75135,0.0,0.0
0.6089,0.01097,0.01107,0.92035,0.00049,3.60679,0.88832,7.91989,0.38441,1.09303,0.02631,0.63088,0.38396,0.0,0.1047,0.683,0.0,0.0,0.0,0.51346,0.91042,0.0,0.0
0.57596,0.01108,0.01107,0.91025,0.00055,4.39592,0.95,5.37824,0.44924,0.95324,0.02472,0.62292,0.42254,0.0,0.11097,0.74606,0.0,0.0,0.0,0.53626,0.93469,0.0,0.0
0.62793,0.01184,0.01094,0.91465,0.00059,4.01797,0.90483,7.12577,0.39576,0.99734,0.0259,0.62292,0.39954,0.0,0.11182,0.72,0.0,0.0,0.0,0.50291,0.81857,0.0,0.0
0.63067,0.01108,0.01107,0.89498,0.00059,3.92051,0.94563,7.51683,0.35482,1.07377,0.02583,0.59638,0.35766,0.0,0.1075,0.69571,0.0,0.0,0.0,0.51323,0.89441,0.0,0.0
0.65335,0.01267,0.00995,0.89782,0.00056,3.58528,0.95,6.05739,0.60447,1.14767,0.02597,0.598,0.38838,0.0,0.12816,0.70583,0.0,0.0,0.0,0.487,0.81283,0.0,0.0
0.65112,0.01115,0.00954,0.91873,0.00055,3.95463,0.92398,5.66139,0.57742,1.14525,0.0265,0.59703,0.44574,0.0,0.11173,0.70278,0.0,0.0,0.0,0.49501,0.84958,0.0,0.0
0.6149,0.01263,0.01092,0.91025,0.00046,4.38609,0.63696,7.25008,0.31664,1.13914,0.02447,0.5125,0.37405,0.0,0.12587,0.69571,0.0,0.0,0.0,0.50177,0.89342,0.0,0.0
0.65174,0.01204,0.0138,0.94019,0.00046,3.11788,0.90483,6.33685,0.37503,0.92923,0.02446,0.46188,0.33964,0.0,0.10693,0.69845,0.0,0.0,0.0,0.38027,0.69057,0.0,0.0
0.51661,0.01107,0.01107,0.90955,0.00055,3.92681,0.91203,7.21315,0.3755,1.01999,0.02618,0.62292,0.38934,0.0,0.11168,0.69515,0.0,0.0,0.0,0.50177,0.89059,0.0,0.0
0.62339,0.01108,0.01219,0.93506,0.00055,4.12067,0.90483,7.12035,0.39513,0.93238,0.02311,0.59065,0.38735,0.0,0.11261,0.71408,0.0,0.0,0.0,0.50897,0.91586,0.0,0.0
0.39178,0.01013,0.01158,0.91847,0.00059,3.61377,0.83266,6.92681,0.31932,1.00722,0.02751,0.67688,0.35122,0.0,0.11673,0.71837,0.0,0.0,0.0,0.43312,0.89342,0.0,0.0
0.63692,0.01449,0.01048,0.95065,0.00059,3.74315,0.62749,7.6945,0.37679,1.14332,0.03052,0.53818,0.38735,0.0,0.11142,0.69169,0.0,0.0,0.0,0.56052,1.0,0.0,0.0
0.59684,0.012,0.01107,0.8915,0.00064,4.15812,0.83063,6.53426,0.46958,0.88971,0.02928,0.62846,0.38004,0.0,0.08317,0.69571,0.0,0.0,0.0,0.54752,0.76504,0.0,0.0
0.60552,0.01163,0.01079,0.90247,0.00055,3.87818,0.91171,7.39796,0.3613,0.92388,0.02597,0.64045,0.38701,0.0,0.10954,0.6815,0.0,0.0,0.0,0.48359,0.95823,0.0,0.0
0.04323,0.01108,0.01107,0.91076,0.00058,4.42568,0.89585,7.80279,0.37679,1.00221,0.02296,0.60042,0.38735,0.0,0.10802,0.68769,0.0,0.0,0.0,0.49821,0.89342,0.0,0.0
0.6103,0.01107,0.01079,0.91333,0.00045,3.79286,0.82818,8.30133,0.33379,1.01668,0.0236,0.6619,0.31296,0.0,0.14931,0.86568,0.0,0.0,0.0,0.40881,0.79539,0.0,0.0
0.61861,0.01108,0.01043,0.90957,0.00056,4.00318,0.91216,7.11321,0.36943,1.02195,0.02537,0.62395,0.39757,0.0,0.11097,0.69198,0.0,0.0,0.0,0.48321,0.87866,0.0,0.0
0.63116,0.01126,0.0115,0.8103,0.00045,3.87818,0.92355,7.1864,0.3924,0.91308,0.02318,0.63088,0.38701,0.0,0.11097,0.68894,0.0,0.0,0.0,0.50177,0.98837,0.0,0.0
0.6475,0.0105,0.01062,0.92238,0.00055,3.55317,0.90483,8.7134,0.36321,0.96279,0.02516,0.64218,0.36103,0.0,0.11392,0.63446,0.0,0.0,0.0,0.51904,0.88221,0.0,0.0
0.60449,0.01108,0.00954,0.82165,0.00068,3.2327,0.95,5.52663,0.46618,1.03654,0.02461,0.5963,0.51211,0.0,0.11325,0.60529,0.0,0.0,0.0,0.50177,0.7938,0.0,0.0
0.64927,0.01289,0.00866,0.92044,0.00057,4.22048,0.9143,4.7438,0.57924,1.16955,0.02339,0.67901,0.42713,0.0,0.11137,0.69571,0.0,0.0,0.0,0.55124,0.69905,0.0,0.0
0.64232,0.01149,0.00978,0.87021,0.00041,3.82705,0.91131,4.35727,0.41836,1.03467,0.02065,0.62292,0.36672,0.0,0.11097,0.69704,0.0,0.0,0.0,0.64436,0.52447,0.0,0.0
0.58713,0.01108,0.00683,0.95412,0.0006,2.85701,0.8873,6.05499,0.34188,0.79889,0.02705,0.75875,0.38735,0.0,0.11097,0.5973,0.0,0.0,0.0,0.37887,0.92959,0.0,0.0
